"FullName","Name","Directory"
"C:\Users\CyberDream\Desktop\projects\Work\survey_new\front\src\components\features\analytics\AnalyticsDateFilter.tsx","AnalyticsDateFilter.tsx","C:\Users\CyberDream\Desktop\projects\Work\survey_new\front\src\components\features\analytics"
"C:\Users\CyberDream\Desktop\projects\Work\survey_new\front\src\components\features\analytics\AnalyticsSummaryCards.tsx","AnalyticsSummaryCards.tsx","C:\Users\CyberDream\Desktop\projects\Work\survey_new\front\src\components\features\analytics"
"C:\Users\CyberDream\Desktop\projects\Work\survey_new\front\src\components\features\analytics\ChoiceChart.tsx","ChoiceChart.tsx","C:\Users\CyberDream\Desktop\projects\Work\survey_new\front\src\components\features\analytics"
"C:\Users\CyberDream\Desktop\projects\Work\survey_new\front\src\components\features\analytics\MatrixHeatmap.tsx","MatrixHeatmap.tsx","C:\Users\CyberDream\Desktop\projects\Work\survey_new\front\src\components\features\analytics"
"C:\Users\CyberDream\Desktop\projects\Work\survey_new\front\src\components\features\analytics\NPSGauge.tsx","NPSGauge.tsx","C:\Users\CyberDream\Desktop\projects\Work\survey_new\front\src\components\features\analytics"
"C:\Users\CyberDream\Desktop\projects\Work\survey_new\front\src\components\features\analytics\QuestionAnalyticsCard.tsx","QuestionAnalyticsCard.tsx","C:\Users\CyberDream\Desktop\projects\Work\survey_new\front\src\components\features\analytics"
"C:\Users\CyberDream\Desktop\projects\Work\survey_new\front\src\components\features\analytics\RatingChart.tsx","RatingChart.tsx","C:\Users\CyberDream\Desktop\projects\Work\survey_new\front\src\components\features\analytics"
"C:\Users\CyberDream\Desktop\projects\Work\survey_new\front\src\components\features\analytics\ResponseTrendChart.tsx","ResponseTrendChart.tsx","C:\Users\CyberDream\Desktop\projects\Work\survey_new\front\src\components\features\analytics"
"C:\Users\CyberDream\Desktop\projects\Work\survey_new\front\src\components\features\analytics\StatCard.tsx","StatCard.tsx","C:\Users\CyberDream\Desktop\projects\Work\survey_new\front\src\components\features\analytics"
"C:\Users\CyberDream\Desktop\projects\Work\survey_new\front\src\components\features\analytics\TextResponsesList.tsx","TextResponsesList.tsx","C:\Users\CyberDream\Desktop\projects\Work\survey_new\front\src\components\features\analytics"
"C:\Users\CyberDream\Desktop\projects\Work\survey_new\front\src\components\features\distributions\BulkLinkGenerationDialog.tsx","BulkLinkGenerationDialog.tsx","C:\Users\CyberDream\Desktop\projects\Work\survey_new\front\src\components\features\distributions"
"C:\Users\CyberDream\Desktop\projects\Work\survey_new\front\src\components\features\distributions\CreateDistributionDialog.tsx","CreateDistributionDialog.tsx","C:\Users\CyberDream\Desktop\projects\Work\survey_new\front\src\components\features\distributions"
"C:\Users\CyberDream\Desktop\projects\Work\survey_new\front\src\components\features\distributions\CreateLinkDialog.tsx","CreateLinkDialog.tsx","C:\Users\CyberDream\Desktop\projects\Work\survey_new\front\src\components\features\distributions"
"C:\Users\CyberDream\Desktop\projects\Work\survey_new\front\src\components\features\distributions\DistributionStats.tsx","DistributionStats.tsx","C:\Users\CyberDream\Desktop\projects\Work\survey_new\front\src\components\features\distributions"
"C:\Users\CyberDream\Desktop\projects\Work\survey_new\front\src\components\features\distributions\LinkAnalyticsDrawer.tsx","LinkAnalyticsDrawer.tsx","C:\Users\CyberDream\Desktop\projects\Work\survey_new\front\src\components\features\distributions"
"C:\Users\CyberDream\Desktop\projects\Work\survey_new\front\src\components\features\distributions\LinksPanel.tsx","LinksPanel.tsx","C:\Users\CyberDream\Desktop\projects\Work\survey_new\front\src\components\features\distributions"
"C:\Users\CyberDream\Desktop\projects\Work\survey_new\front\src\components\features\distributions\QRCodeDialog.tsx","QRCodeDialog.tsx","C:\Users\CyberDream\Desktop\projects\Work\survey_new\front\src\components\features\distributions"
"C:\Users\CyberDream\Desktop\projects\Work\survey_new\front\src\components\features\distributions\RecipientImporter.tsx","RecipientImporter.tsx","C:\Users\CyberDream\Desktop\projects\Work\survey_new\front\src\components\features\distributions"
"C:\Users\CyberDream\Desktop\projects\Work\survey_new\front\src\components\features\email-templates\visual-editor\BlockEditor.tsx","BlockEditor.tsx","C:\Users\CyberDream\Desktop\projects\Work\survey_new\front\src\components\features\email-templates\visual-editor"
"C:\Users\CyberDream\Desktop\projects\Work\survey_new\front\src\components\features\email-templates\visual-editor\BlockPalette.tsx","BlockPalette.tsx","C:\Users\CyberDream\Desktop\projects\Work\survey_new\front\src\components\features\email-templates\visual-editor"
"C:\Users\CyberDream\Desktop\projects\Work\survey_new\front\src\components\features\email-templates\visual-editor\BlockSettingsPanel.tsx","BlockSettingsPanel.tsx","C:\Users\CyberDream\Desktop\projects\Work\survey_new\front\src\components\features\email-templates\visual-editor"
"C:\Users\CyberDream\Desktop\projects\Work\survey_new\front\src\components\features\email-templates\visual-editor\VisualEmailEditor.tsx","VisualEmailEditor.tsx","C:\Users\CyberDream\Desktop\projects\Work\survey_new\front\src\components\features\email-templates\visual-editor"
"C:\Users\CyberDream\Desktop\projects\Work\survey_new\front\src\components\features\email-templates\CreateEmailTemplateDialog.tsx","CreateEmailTemplateDialog.tsx","C:\Users\CyberDream\Desktop\projects\Work\survey_new\front\src\components\features\email-templates"
"C:\Users\CyberDream\Desktop\projects\Work\survey_new\front\src\components\features\email-templates\EmailTemplateCard.tsx","EmailTemplateCard.tsx","C:\Users\CyberDream\Desktop\projects\Work\survey_new\front\src\components\features\email-templates"
"C:\Users\CyberDream\Desktop\projects\Work\survey_new\front\src\components\features\email-templates\EmailTemplateEditor.tsx","EmailTemplateEditor.tsx","C:\Users\CyberDream\Desktop\projects\Work\survey_new\front\src\components\features\email-templates"
"C:\Users\CyberDream\Desktop\projects\Work\survey_new\front\src\components\features\localization\AddLanguageDialog.tsx","AddLanguageDialog.tsx","C:\Users\CyberDream\Desktop\projects\Work\survey_new\front\src\components\features\localization"
"C:\Users\CyberDream\Desktop\projects\Work\survey_new\front\src\components\features\localization\LanguageList.tsx","LanguageList.tsx","C:\Users\CyberDream\Desktop\projects\Work\survey_new\front\src\components\features\localization"
"C:\Users\CyberDream\Desktop\projects\Work\survey_new\front\src\components\features\localization\LanguagesTab.tsx","LanguagesTab.tsx","C:\Users\CyberDream\Desktop\projects\Work\survey_new\front\src\components\features\localization"
"C:\Users\CyberDream\Desktop\projects\Work\survey_new\front\src\components\features\localization\QuestionTranslationsEditor.tsx","QuestionTranslationsEditor.tsx","C:\Users\CyberDream\Desktop\projects\Work\survey_new\front\src\components\features\localization"
"C:\Users\CyberDream\Desktop\projects\Work\survey_new\front\src\components\features\localization\SurveyLanguageSwitcher.tsx","SurveyLanguageSwitcher.tsx","C:\Users\CyberDream\Desktop\projects\Work\survey_new\front\src\components\features\localization"
"C:\Users\CyberDream\Desktop\projects\Work\survey_new\front\src\components\features\localization\TranslationEditor.tsx","TranslationEditor.tsx","C:\Users\CyberDream\Desktop\projects\Work\survey_new\front\src\components\features\localization"
"C:\Users\CyberDream\Desktop\projects\Work\survey_new\front\src\components\features\localization\TranslationEditorDialog.tsx","TranslationEditorDialog.tsx","C:\Users\CyberDream\Desktop\projects\Work\survey_new\front\src\components\features\localization"
"C:\Users\CyberDream\Desktop\projects\Work\survey_new\front\src\components\features\namespaces\CreateNamespaceDialog.tsx","CreateNamespaceDialog.tsx","C:\Users\CyberDream\Desktop\projects\Work\survey_new\front\src\components\features\namespaces"
"C:\Users\CyberDream\Desktop\projects\Work\survey_new\front\src\components\features\namespaces\MembersManagement.tsx","MembersManagement.tsx","C:\Users\CyberDream\Desktop\projects\Work\survey_new\front\src\components\features\namespaces"
"C:\Users\CyberDream\Desktop\projects\Work\survey_new\front\src\components\features\profile\AvatarUpload.tsx","AvatarUpload.tsx","C:\Users\CyberDream\Desktop\projects\Work\survey_new\front\src\components\features\profile"
"C:\Users\CyberDream\Desktop\projects\Work\survey_new\front\src\components\features\profile\PasswordChangeForm.tsx","PasswordChangeForm.tsx","C:\Users\CyberDream\Desktop\projects\Work\survey_new\front\src\components\features\profile"
"C:\Users\CyberDream\Desktop\projects\Work\survey_new\front\src\components\features\profile\ProfileSettings.tsx","ProfileSettings.tsx","C:\Users\CyberDream\Desktop\projects\Work\survey_new\front\src\components\features\profile"
"C:\Users\CyberDream\Desktop\projects\Work\survey_new\front\src\components\features\public-survey\AllQuestionsView.tsx","AllQuestionsView.tsx","C:\Users\CyberDream\Desktop\projects\Work\survey_new\front\src\components\features\public-survey"
"C:\Users\CyberDream\Desktop\projects\Work\survey_new\front\src\components\features\public-survey\ErrorScreen.tsx","ErrorScreen.tsx","C:\Users\CyberDream\Desktop\projects\Work\survey_new\front\src\components\features\public-survey"
"C:\Users\CyberDream\Desktop\projects\Work\survey_new\front\src\components\features\public-survey\NavigationControls.tsx","NavigationControls.tsx","C:\Users\CyberDream\Desktop\projects\Work\survey_new\front\src\components\features\public-survey"
"C:\Users\CyberDream\Desktop\projects\Work\survey_new\front\src\components\features\public-survey\ProgressBar.tsx","ProgressBar.tsx","C:\Users\CyberDream\Desktop\projects\Work\survey_new\front\src\components\features\public-survey"
"C:\Users\CyberDream\Desktop\projects\Work\survey_new\front\src\components\features\public-survey\QuestionCard.tsx","QuestionCard.tsx","C:\Users\CyberDream\Desktop\projects\Work\survey_new\front\src\components\features\public-survey"
"C:\Users\CyberDream\Desktop\projects\Work\survey_new\front\src\components\features\public-survey\QuestionRenderers.tsx","QuestionRenderers.tsx","C:\Users\CyberDream\Desktop\projects\Work\survey_new\front\src\components\features\public-survey"
"C:\Users\CyberDream\Desktop\projects\Work\survey_new\front\src\components\features\public-survey\ResumeProgressDialog.tsx","ResumeProgressDialog.tsx","C:\Users\CyberDream\Desktop\projects\Work\survey_new\front\src\components\features\public-survey"
"C:\Users\CyberDream\Desktop\projects\Work\survey_new\front\src\components\features\public-survey\ThankYouScreen.tsx","ThankYouScreen.tsx","C:\Users\CyberDream\Desktop\projects\Work\survey_new\front\src\components\features\public-survey"
"C:\Users\CyberDream\Desktop\projects\Work\survey_new\front\src\components\features\public-survey\UnifiedQuestionPreview.tsx","UnifiedQuestionPreview.tsx","C:\Users\CyberDream\Desktop\projects\Work\survey_new\front\src\components\features\public-survey"
"C:\Users\CyberDream\Desktop\projects\Work\survey_new\front\src\components\features\public-survey\WelcomeScreen.tsx","WelcomeScreen.tsx","C:\Users\CyberDream\Desktop\projects\Work\survey_new\front\src\components\features\public-survey"
"C:\Users\CyberDream\Desktop\projects\Work\survey_new\front\src\components\features\questions\editors\DateEditor.tsx","DateEditor.tsx","C:\Users\CyberDream\Desktop\projects\Work\survey_new\front\src\components\features\questions\editors"
"C:\Users\CyberDream\Desktop\projects\Work\survey_new\front\src\components\features\questions\editors\EmailEditor.tsx","EmailEditor.tsx","C:\Users\CyberDream\Desktop\projects\Work\survey_new\front\src\components\features\questions\editors"
"C:\Users\CyberDream\Desktop\projects\Work\survey_new\front\src\components\features\questions\editors\FileUploadEditor.tsx","FileUploadEditor.tsx","C:\Users\CyberDream\Desktop\projects\Work\survey_new\front\src\components\features\questions\editors"
"C:\Users\CyberDream\Desktop\projects\Work\survey_new\front\src\components\features\questions\editors\LongTextEditor.tsx","LongTextEditor.tsx","C:\Users\CyberDream\Desktop\projects\Work\survey_new\front\src\components\features\questions\editors"
"C:\Users\CyberDream\Desktop\projects\Work\survey_new\front\src\components\features\questions\editors\MatrixEditor.tsx","MatrixEditor.tsx","C:\Users\CyberDream\Desktop\projects\Work\survey_new\front\src\components\features\questions\editors"
"C:\Users\CyberDream\Desktop\projects\Work\survey_new\front\src\components\features\questions\editors\MultipleChoiceEditor.tsx","MultipleChoiceEditor.tsx","C:\Users\CyberDream\Desktop\projects\Work\survey_new\front\src\components\features\questions\editors"
"C:\Users\CyberDream\Desktop\projects\Work\survey_new\front\src\components\features\questions\editors\NumberEditor.tsx","NumberEditor.tsx","C:\Users\CyberDream\Desktop\projects\Work\survey_new\front\src\components\features\questions\editors"
"C:\Users\CyberDream\Desktop\projects\Work\survey_new\front\src\components\features\questions\editors\OptionListEditor.tsx","OptionListEditor.tsx","C:\Users\CyberDream\Desktop\projects\Work\survey_new\front\src\components\features\questions\editors"
"C:\Users\CyberDream\Desktop\projects\Work\survey_new\front\src\components\features\questions\editors\PhoneEditor.tsx","PhoneEditor.tsx","C:\Users\CyberDream\Desktop\projects\Work\survey_new\front\src\components\features\questions\editors"
"C:\Users\CyberDream\Desktop\projects\Work\survey_new\front\src\components\features\questions\editors\RankingEditor.tsx","RankingEditor.tsx","C:\Users\CyberDream\Desktop\projects\Work\survey_new\front\src\components\features\questions\editors"
"C:\Users\CyberDream\Desktop\projects\Work\survey_new\front\src\components\features\questions\editors\RatingEditor.tsx","RatingEditor.tsx","C:\Users\CyberDream\Desktop\projects\Work\survey_new\front\src\components\features\questions\editors"
"C:\Users\CyberDream\Desktop\projects\Work\survey_new\front\src\components\features\questions\editors\ScaleEditor.tsx","ScaleEditor.tsx","C:\Users\CyberDream\Desktop\projects\Work\survey_new\front\src\components\features\questions\editors"
"C:\Users\CyberDream\Desktop\projects\Work\survey_new\front\src\components\features\questions\editors\SingleChoiceEditor.tsx","SingleChoiceEditor.tsx","C:\Users\CyberDream\Desktop\projects\Work\survey_new\front\src\components\features\questions\editors"
"C:\Users\CyberDream\Desktop\projects\Work\survey_new\front\src\components\features\questions\editors\TextEditor.tsx","TextEditor.tsx","C:\Users\CyberDream\Desktop\projects\Work\survey_new\front\src\components\features\questions\editors"
"C:\Users\CyberDream\Desktop\projects\Work\survey_new\front\src\components\features\questions\editors\UrlEditor.tsx","UrlEditor.tsx","C:\Users\CyberDream\Desktop\projects\Work\survey_new\front\src\components\features\questions\editors"
"C:\Users\CyberDream\Desktop\projects\Work\survey_new\front\src\components\features\questions\editors\YesNoEditor.tsx","YesNoEditor.tsx","C:\Users\CyberDream\Desktop\projects\Work\survey_new\front\src\components\features\questions\editors"
"C:\Users\CyberDream\Desktop\projects\Work\survey_new\front\src\components\features\questions\AddQuestionMenu.tsx","AddQuestionMenu.tsx","C:\Users\CyberDream\Desktop\projects\Work\survey_new\front\src\components\features\questions"
"C:\Users\CyberDream\Desktop\projects\Work\survey_new\front\src\components\features\questions\LogicBuilderDialog.tsx","LogicBuilderDialog.tsx","C:\Users\CyberDream\Desktop\projects\Work\survey_new\front\src\components\features\questions"
"C:\Users\CyberDream\Desktop\projects\Work\survey_new\front\src\components\features\questions\LogicVisualization.tsx","LogicVisualization.tsx","C:\Users\CyberDream\Desktop\projects\Work\survey_new\front\src\components\features\questions"
"C:\Users\CyberDream\Desktop\projects\Work\survey_new\front\src\components\features\questions\QuestionCard.tsx","QuestionCard.tsx","C:\Users\CyberDream\Desktop\projects\Work\survey_new\front\src\components\features\questions"
"C:\Users\CyberDream\Desktop\projects\Work\survey_new\front\src\components\features\questions\QuestionEditor.tsx","QuestionEditor.tsx","C:\Users\CyberDream\Desktop\projects\Work\survey_new\front\src\components\features\questions"
"C:\Users\CyberDream\Desktop\projects\Work\survey_new\front\src\components\features\questions\QuestionPreview.tsx","QuestionPreview.tsx","C:\Users\CyberDream\Desktop\projects\Work\survey_new\front\src\components\features\questions"
"C:\Users\CyberDream\Desktop\projects\Work\survey_new\front\src\components\features\questions\QuestionTypeInfo.tsx","QuestionTypeInfo.tsx","C:\Users\CyberDream\Desktop\projects\Work\survey_new\front\src\components\features\questions"
"C:\Users\CyberDream\Desktop\projects\Work\survey_new\front\src\components\features\recurring-surveys\RecurringScheduleEditor.tsx","RecurringScheduleEditor.tsx","C:\Users\CyberDream\Desktop\projects\Work\survey_new\front\src\components\features\recurring-surveys"
"C:\Users\CyberDream\Desktop\projects\Work\survey_new\front\src\components\features\recurring-surveys\RecurringSurveyCard.tsx","RecurringSurveyCard.tsx","C:\Users\CyberDream\Desktop\projects\Work\survey_new\front\src\components\features\recurring-surveys"
"C:\Users\CyberDream\Desktop\projects\Work\survey_new\front\src\components\features\recurring-surveys\RunHistoryDrawer.tsx","RunHistoryDrawer.tsx","C:\Users\CyberDream\Desktop\projects\Work\survey_new\front\src\components\features\recurring-surveys"
"C:\Users\CyberDream\Desktop\projects\Work\survey_new\front\src\components\features\responses\ExportDialog.tsx","ExportDialog.tsx","C:\Users\CyberDream\Desktop\projects\Work\survey_new\front\src\components\features\responses"
"C:\Users\CyberDream\Desktop\projects\Work\survey_new\front\src\components\features\responses\ResponseDetailDrawer.tsx","ResponseDetailDrawer.tsx","C:\Users\CyberDream\Desktop\projects\Work\survey_new\front\src\components\features\responses"
"C:\Users\CyberDream\Desktop\projects\Work\survey_new\front\src\components\features\search\GlobalSearch.tsx","GlobalSearch.tsx","C:\Users\CyberDream\Desktop\projects\Work\survey_new\front\src\components\features\search"
"C:\Users\CyberDream\Desktop\projects\Work\survey_new\front\src\components\features\search\KeyboardShortcutsHelp.tsx","KeyboardShortcutsHelp.tsx","C:\Users\CyberDream\Desktop\projects\Work\survey_new\front\src\components\features\search"
"C:\Users\CyberDream\Desktop\projects\Work\survey_new\front\src\components\features\search\RecentItems.tsx","RecentItems.tsx","C:\Users\CyberDream\Desktop\projects\Work\survey_new\front\src\components\features\search"
"C:\Users\CyberDream\Desktop\projects\Work\survey_new\front\src\components\features\search\SearchButton.tsx","SearchButton.tsx","C:\Users\CyberDream\Desktop\projects\Work\survey_new\front\src\components\features\search"
"C:\Users\CyberDream\Desktop\projects\Work\survey_new\front\src\components\features\surveys\CreateSurveyDialog\CreateSurveyDialog.tsx","CreateSurveyDialog.tsx","C:\Users\CyberDream\Desktop\projects\Work\survey_new\front\src\components\features\surveys\CreateSurveyDialog"
"C:\Users\CyberDream\Desktop\projects\Work\survey_new\front\src\components\features\surveys\SurveyCard.tsx","SurveyCard.tsx","C:\Users\CyberDream\Desktop\projects\Work\survey_new\front\src\components\features\surveys"
"C:\Users\CyberDream\Desktop\projects\Work\survey_new\front\src\components\features\surveys\SurveyStatusBadge.tsx","SurveyStatusBadge.tsx","C:\Users\CyberDream\Desktop\projects\Work\survey_new\front\src\components\features\surveys"
"C:\Users\CyberDream\Desktop\projects\Work\survey_new\front\src\components\features\surveys\ThemePreviewPanel.tsx","ThemePreviewPanel.tsx","C:\Users\CyberDream\Desktop\projects\Work\survey_new\front\src\components\features\surveys"
"C:\Users\CyberDream\Desktop\projects\Work\survey_new\front\src\components\features\templates\CreateTemplateDialog.tsx","CreateTemplateDialog.tsx","C:\Users\CyberDream\Desktop\projects\Work\survey_new\front\src\components\features\templates"
"C:\Users\CyberDream\Desktop\projects\Work\survey_new\front\src\components\features\templates\TemplateCard.tsx","TemplateCard.tsx","C:\Users\CyberDream\Desktop\projects\Work\survey_new\front\src\components\features\templates"
"C:\Users\CyberDream\Desktop\projects\Work\survey_new\front\src\components\features\templates\TemplatePreviewDrawer.tsx","TemplatePreviewDrawer.tsx","C:\Users\CyberDream\Desktop\projects\Work\survey_new\front\src\components\features\templates"
"C:\Users\CyberDream\Desktop\projects\Work\survey_new\front\src\components\features\templates\UseTemplateDialog.tsx","UseTemplateDialog.tsx","C:\Users\CyberDream\Desktop\projects\Work\survey_new\front\src\components\features\templates"
"C:\Users\CyberDream\Desktop\projects\Work\survey_new\front\src\components\features\themes\ThemeEditorDrawer.tsx","ThemeEditorDrawer.tsx","C:\Users\CyberDream\Desktop\projects\Work\survey_new\front\src\components\features\themes"
"C:\Users\CyberDream\Desktop\projects\Work\survey_new\front\src\components\features\themes\ThemeLivePreview.tsx","ThemeLivePreview.tsx","C:\Users\CyberDream\Desktop\projects\Work\survey_new\front\src\components\features\themes"
"C:\Users\CyberDream\Desktop\projects\Work\survey_new\front\src\components\features\themes\ThemePreviewCard.tsx","ThemePreviewCard.tsx","C:\Users\CyberDream\Desktop\projects\Work\survey_new\front\src\components\features\themes"
"C:\Users\CyberDream\Desktop\projects\Work\survey_new\front\src\components\layout\AppBar.tsx","AppBar.tsx","C:\Users\CyberDream\Desktop\projects\Work\survey_new\front\src\components\layout"
"C:\Users\CyberDream\Desktop\projects\Work\survey_new\front\src\components\layout\Layout.tsx","Layout.tsx","C:\Users\CyberDream\Desktop\projects\Work\survey_new\front\src\components\layout"
"C:\Users\CyberDream\Desktop\projects\Work\survey_new\front\src\components\layout\ListPageLayout.tsx","ListPageLayout.tsx","C:\Users\CyberDream\Desktop\projects\Work\survey_new\front\src\components\layout"
"C:\Users\CyberDream\Desktop\projects\Work\survey_new\front\src\components\layout\NamespaceSelector.tsx","NamespaceSelector.tsx","C:\Users\CyberDream\Desktop\projects\Work\survey_new\front\src\components\layout"
"C:\Users\CyberDream\Desktop\projects\Work\survey_new\front\src\components\layout\NavigationRail.tsx","NavigationRail.tsx","C:\Users\CyberDream\Desktop\projects\Work\survey_new\front\src\components\layout"
"C:\Users\CyberDream\Desktop\projects\Work\survey_new\front\src\components\layout\PageHeader.tsx","PageHeader.tsx","C:\Users\CyberDream\Desktop\projects\Work\survey_new\front\src\components\layout"
"C:\Users\CyberDream\Desktop\projects\Work\survey_new\front\src\components\layout\UserMenu.tsx","UserMenu.tsx","C:\Users\CyberDream\Desktop\projects\Work\survey_new\front\src\components\layout"
"C:\Users\CyberDream\Desktop\projects\Work\survey_new\front\src\components\ui\ActiveFiltersBar.tsx","ActiveFiltersBar.tsx","C:\Users\CyberDream\Desktop\projects\Work\survey_new\front\src\components\ui"
"C:\Users\CyberDream\Desktop\projects\Work\survey_new\front\src\components\ui\AppLoadingScreen.tsx","AppLoadingScreen.tsx","C:\Users\CyberDream\Desktop\projects\Work\survey_new\front\src\components\ui"
"C:\Users\CyberDream\Desktop\projects\Work\survey_new\front\src\components\ui\Avatar.tsx","Avatar.tsx","C:\Users\CyberDream\Desktop\projects\Work\survey_new\front\src\components\ui"
"C:\Users\CyberDream\Desktop\projects\Work\survey_new\front\src\components\ui\Badge.tsx","Badge.tsx","C:\Users\CyberDream\Desktop\projects\Work\survey_new\front\src\components\ui"
"C:\Users\CyberDream\Desktop\projects\Work\survey_new\front\src\components\ui\Breadcrumbs.tsx","Breadcrumbs.tsx","C:\Users\CyberDream\Desktop\projects\Work\survey_new\front\src\components\ui"
"C:\Users\CyberDream\Desktop\projects\Work\survey_new\front\src\components\ui\Button.tsx","Button.tsx","C:\Users\CyberDream\Desktop\projects\Work\survey_new\front\src\components\ui"
"C:\Users\CyberDream\Desktop\projects\Work\survey_new\front\src\components\ui\Card.tsx","Card.tsx","C:\Users\CyberDream\Desktop\projects\Work\survey_new\front\src\components\ui"
"C:\Users\CyberDream\Desktop\projects\Work\survey_new\front\src\components\ui\Checkbox.tsx","Checkbox.tsx","C:\Users\CyberDream\Desktop\projects\Work\survey_new\front\src\components\ui"
"C:\Users\CyberDream\Desktop\projects\Work\survey_new\front\src\components\ui\Chip.tsx","Chip.tsx","C:\Users\CyberDream\Desktop\projects\Work\survey_new\front\src\components\ui"
"C:\Users\CyberDream\Desktop\projects\Work\survey_new\front\src\components\ui\DatePicker.tsx","DatePicker.tsx","C:\Users\CyberDream\Desktop\projects\Work\survey_new\front\src\components\ui"
"C:\Users\CyberDream\Desktop\projects\Work\survey_new\front\src\components\ui\Dialog.tsx","Dialog.tsx","C:\Users\CyberDream\Desktop\projects\Work\survey_new\front\src\components\ui"
"C:\Users\CyberDream\Desktop\projects\Work\survey_new\front\src\components\ui\Drawer.tsx","Drawer.tsx","C:\Users\CyberDream\Desktop\projects\Work\survey_new\front\src\components\ui"
"C:\Users\CyberDream\Desktop\projects\Work\survey_new\front\src\components\ui\EmptyState.tsx","EmptyState.tsx","C:\Users\CyberDream\Desktop\projects\Work\survey_new\front\src\components\ui"
"C:\Users\CyberDream\Desktop\projects\Work\survey_new\front\src\components\ui\FAB.tsx","FAB.tsx","C:\Users\CyberDream\Desktop\projects\Work\survey_new\front\src\components\ui"
"C:\Users\CyberDream\Desktop\projects\Work\survey_new\front\src\components\ui\GettingStartedWizard.tsx","GettingStartedWizard.tsx","C:\Users\CyberDream\Desktop\projects\Work\survey_new\front\src\components\ui"
"C:\Users\CyberDream\Desktop\projects\Work\survey_new\front\src\components\ui\HeroHeader.tsx","HeroHeader.tsx","C:\Users\CyberDream\Desktop\projects\Work\survey_new\front\src\components\ui"
"C:\Users\CyberDream\Desktop\projects\Work\survey_new\front\src\components\ui\IconButton.tsx","IconButton.tsx","C:\Users\CyberDream\Desktop\projects\Work\survey_new\front\src\components\ui"
"C:\Users\CyberDream\Desktop\projects\Work\survey_new\front\src\components\ui\IconContainer.tsx","IconContainer.tsx","C:\Users\CyberDream\Desktop\projects\Work\survey_new\front\src\components\ui"
"C:\Users\CyberDream\Desktop\projects\Work\survey_new\front\src\components\ui\ImageUploader.tsx","ImageUploader.tsx","C:\Users\CyberDream\Desktop\projects\Work\survey_new\front\src\components\ui"
"C:\Users\CyberDream\Desktop\projects\Work\survey_new\front\src\components\ui\Input.tsx","Input.tsx","C:\Users\CyberDream\Desktop\projects\Work\survey_new\front\src\components\ui"
"C:\Users\CyberDream\Desktop\projects\Work\survey_new\front\src\components\ui\LanguageSwitcher.tsx","LanguageSwitcher.tsx","C:\Users\CyberDream\Desktop\projects\Work\survey_new\front\src\components\ui"
"C:\Users\CyberDream\Desktop\projects\Work\survey_new\front\src\components\ui\ListContainer.tsx","ListContainer.tsx","C:\Users\CyberDream\Desktop\projects\Work\survey_new\front\src\components\ui"
"C:\Users\CyberDream\Desktop\projects\Work\survey_new\front\src\components\ui\ListEmptyState.tsx","ListEmptyState.tsx","C:\Users\CyberDream\Desktop\projects\Work\survey_new\front\src\components\ui"
"C:\Users\CyberDream\Desktop\projects\Work\survey_new\front\src\components\ui\ListItem.tsx","ListItem.tsx","C:\Users\CyberDream\Desktop\projects\Work\survey_new\front\src\components\ui"
"C:\Users\CyberDream\Desktop\projects\Work\survey_new\front\src\components\ui\LoadingState.tsx","LoadingState.tsx","C:\Users\CyberDream\Desktop\projects\Work\survey_new\front\src\components\ui"
"C:\Users\CyberDream\Desktop\projects\Work\survey_new\front\src\components\ui\Menu.tsx","Menu.tsx","C:\Users\CyberDream\Desktop\projects\Work\survey_new\front\src\components\ui"
"C:\Users\CyberDream\Desktop\projects\Work\survey_new\front\src\components\ui\OfflineIndicator.tsx","OfflineIndicator.tsx","C:\Users\CyberDream\Desktop\projects\Work\survey_new\front\src\components\ui"
"C:\Users\CyberDream\Desktop\projects\Work\survey_new\front\src\components\ui\OnboardingWizard.tsx","OnboardingWizard.tsx","C:\Users\CyberDream\Desktop\projects\Work\survey_new\front\src\components\ui"
"C:\Users\CyberDream\Desktop\projects\Work\survey_new\front\src\components\ui\Progress.tsx","Progress.tsx","C:\Users\CyberDream\Desktop\projects\Work\survey_new\front\src\components\ui"
"C:\Users\CyberDream\Desktop\projects\Work\survey_new\front\src\components\ui\Radio.tsx","Radio.tsx","C:\Users\CyberDream\Desktop\projects\Work\survey_new\front\src\components\ui"
"C:\Users\CyberDream\Desktop\projects\Work\survey_new\front\src\components\ui\SearchInput.tsx","SearchInput.tsx","C:\Users\CyberDream\Desktop\projects\Work\survey_new\front\src\components\ui"
"C:\Users\CyberDream\Desktop\projects\Work\survey_new\front\src\components\ui\Select.tsx","Select.tsx","C:\Users\CyberDream\Desktop\projects\Work\survey_new\front\src\components\ui"
"C:\Users\CyberDream\Desktop\projects\Work\survey_new\front\src\components\ui\SelectionCard.tsx","SelectionCard.tsx","C:\Users\CyberDream\Desktop\projects\Work\survey_new\front\src\components\ui"
"C:\Users\CyberDream\Desktop\projects\Work\survey_new\front\src\components\ui\Skeleton.tsx","Skeleton.tsx","C:\Users\CyberDream\Desktop\projects\Work\survey_new\front\src\components\ui"
"C:\Users\CyberDream\Desktop\projects\Work\survey_new\front\src\components\ui\Stat.tsx","Stat.tsx","C:\Users\CyberDream\Desktop\projects\Work\survey_new\front\src\components\ui"
"C:\Users\CyberDream\Desktop\projects\Work\survey_new\front\src\components\ui\Switch.tsx","Switch.tsx","C:\Users\CyberDream\Desktop\projects\Work\survey_new\front\src\components\ui"
"C:\Users\CyberDream\Desktop\projects\Work\survey_new\front\src\components\ui\Tabs.tsx","Tabs.tsx","C:\Users\CyberDream\Desktop\projects\Work\survey_new\front\src\components\ui"
"C:\Users\CyberDream\Desktop\projects\Work\survey_new\front\src\components\ui\Textarea.tsx","Textarea.tsx","C:\Users\CyberDream\Desktop\projects\Work\survey_new\front\src\components\ui"
"C:\Users\CyberDream\Desktop\projects\Work\survey_new\front\src\components\ui\TimePicker.tsx","TimePicker.tsx","C:\Users\CyberDream\Desktop\projects\Work\survey_new\front\src\components\ui"
"C:\Users\CyberDream\Desktop\projects\Work\survey_new\front\src\components\ui\Toast.tsx","Toast.tsx","C:\Users\CyberDream\Desktop\projects\Work\survey_new\front\src\components\ui"
"C:\Users\CyberDream\Desktop\projects\Work\survey_new\front\src\components\ui\Tooltip.tsx","Tooltip.tsx","C:\Users\CyberDream\Desktop\projects\Work\survey_new\front\src\components\ui"
"C:\Users\CyberDream\Desktop\projects\Work\survey_new\front\src\components\ui\ViewModeToggle.tsx","ViewModeToggle.tsx","C:\Users\CyberDream\Desktop\projects\Work\survey_new\front\src\components\ui"
"C:\Users\CyberDream\Desktop\projects\Work\survey_new\front\src\components\ErrorBoundary.tsx","ErrorBoundary.tsx","C:\Users\CyberDream\Desktop\projects\Work\survey_new\front\src\components"
"C:\Users\CyberDream\Desktop\projects\Work\survey_new\front\src\components\ProtectedRoute.tsx","ProtectedRoute.tsx","C:\Users\CyberDream\Desktop\projects\Work\survey_new\front\src\components"
